<?xml version="1.0"?>
<Runs Version="1" Minor="0">
	<Run Id="system_processing_system7_0_0_synth_1" LaunchDir="/home/esifpga13@ICT.TUWIEN.AC.AT/Desktop/Colin_Roland/task_1_grey_scale/task_1_grey_scale.runs/system_processing_system7_0_0_synth_1" FlowId="Vivado_Synthesis" FromStepId="vivado" ToStepId="vivado"/>
	<Run Id="system_axi_gpio_0_0_synth_1" LaunchDir="/home/esifpga13@ICT.TUWIEN.AC.AT/Desktop/Colin_Roland/task_1_grey_scale/task_1_grey_scale.runs/system_axi_gpio_0_0_synth_1" FlowId="Vivado_Synthesis" FromStepId="vivado" ToStepId="vivado"/>
	<Run Id="system_xbar_0_synth_1" LaunchDir="/home/esifpga13@ICT.TUWIEN.AC.AT/Desktop/Colin_Roland/task_1_grey_scale/task_1_grey_scale.runs/system_xbar_0_synth_1" FlowId="Vivado_Synthesis" FromStepId="vivado" ToStepId="vivado"/>
	<Run Id="system_auto_pc_0_synth_1" LaunchDir="/home/esifpga13@ICT.TUWIEN.AC.AT/Desktop/Colin_Roland/task_1_grey_scale/task_1_grey_scale.runs/system_auto_pc_0_synth_1" FlowId="Vivado_Synthesis" FromStepId="vivado" ToStepId="vivado"/>
	<Run Id="system_rst_ps7_0_100M_2_synth_1" LaunchDir="/home/esifpga13@ICT.TUWIEN.AC.AT/Desktop/Colin_Roland/task_1_grey_scale/task_1_grey_scale.runs/system_rst_ps7_0_100M_2_synth_1" FlowId="Vivado_Synthesis" FromStepId="vivado" ToStepId="vivado"/>
	<Run Id="system_axi_gpio_0_1_synth_1" LaunchDir="/home/esifpga13@ICT.TUWIEN.AC.AT/Desktop/Colin_Roland/task_1_grey_scale/task_1_grey_scale.runs/system_axi_gpio_0_1_synth_1" FlowId="Vivado_Synthesis" FromStepId="vivado" ToStepId="vivado"/>
	<Parameters>
		<Parameter Name="runs.monitorLSFJobs" Val="true" Type="bool"/>
		<Parameter Name="runs.enableClusterConf" Val="true" Type="bool"/>
	</Parameters>
</Runs>

