{
  "version": "2020.2",
  "applications": [],
  "platforms": [
    {
      "name": "system_wrapper"
    }
  ],
  "systems": [
    {
      "name": "stopwatch_system",
      "platform": "/home/esifpga13@ICT.TUWIEN.AC.AT/Desktop/Colin_Roland/system_wrapper/export/system_wrapper/system_wrapper.xpfm",
      "sysConfig": "system_wrapper",
      "buildConfig": "Debug",
      "applications": [
        {
          "name": "stopwatch",
          "platform": "/home/esifpga13@ICT.TUWIEN.AC.AT/Desktop/Colin_Roland/system_wrapper/export/system_wrapper/system_wrapper.xpfm",
          "platformPath": "/home/esifpga13@ICT.TUWIEN.AC.AT/Desktop/Colin_Roland/system_wrapper/export/system_wrapper",
          "sysConfig": "system_wrapper",
          "domain": "standalone_ps7_cortexa9_0",
          "system": "stopwatch_system"
        }
      ],
      "platformPath": "/home/esifpga13@ICT.TUWIEN.AC.AT/Desktop/Colin_Roland/system_wrapper/export/system_wrapper"
    },
    {
      "name": "test_system",
      "platform": "/home/esifpga13@ICT.TUWIEN.AC.AT/Desktop/Colin_Roland/system_wrapper/export/system_wrapper/system_wrapper.xpfm",
      "sysConfig": "system_wrapper",
      "buildConfig": "Debug",
      "applications": [
        {
          "name": "test",
          "platform": "/home/esifpga13@ICT.TUWIEN.AC.AT/Desktop/Colin_Roland/system_wrapper/export/system_wrapper/system_wrapper.xpfm",
          "platformPath": "/home/esifpga13@ICT.TUWIEN.AC.AT/Desktop/Colin_Roland/system_wrapper/export/system_wrapper",
          "sysConfig": "system_wrapper",
          "domain": "standalone_ps7_cortexa9_0",
          "system": "test_system"
        }
      ],
      "platformPath": "/home/esifpga13@ICT.TUWIEN.AC.AT/Desktop/Colin_Roland/system_wrapper/export/system_wrapper"
    }
  ],
  "others": []
}